ID,Nume_Cantec,Artist,NumarAparitii,Avalable,Plays
6fhgO6p9DsTyHqPctyzDkV,Sleeping on the Blacktop,Colter Wall,1,1,73
4WCe8syCgpfxGb3KFCvBWk,Axe,The Steel Woods,1,1,46
5Os2lSlPvvc40Wmun45Tz8,Straw in the Wind,The Steel Woods,1,1,44
79JAw296lCbgzq8dm4h4tD,All of These Years,The Steel Woods,1,1,39
4U7VPsgV5C3cz28kdWAT8u,I Need You (feat. Ashley Monroe),"The Steel Woods, Ashley Monroe",1,1,36
03EsYwfN3RbDhU1kVrfffA,On The Run,The Jompson Brothers,1,1,47
2RESEfP5xCZFWl4BSIHpQC,Barely Alive,The Jompson Brothers,1,1,42
5xGZzwnokgTgU7hWnCwWtB,Blood In The Water,The Jompson Brothers,1,1,38
5DXkH66yHd6nTMlby8AwHD,Another Bad Apple,Ward Davis,1,1,41
6LoM9k42hBelhv1kovisRf,Bad News,Whitey Morgan and the 78's,1,1,53
6UiMLrjIbEujx4DyX7u1Ut,Liquor Store,Uncle Lucius,1,1,48
1cbAxnTZKd6GJwV9bTdIvl,Mud,Whiskey Myers,1,1,41
72geHhNU5UA2hU1QgUzXdE,Bury My Bones,Whiskey Myers,1,1,63
4lXBIshfa0juWxi6odtLHt,Early Morning Shakes,Whiskey Myers,1,1,45
1pWteqawoaGuNc1UzScstI,"Bar, Guitar and a Honky Tonk Crowd",Whiskey Myers,1,1,56
5fyqWpeDtT2vqrT2sg4Ijw,Everyone's An Outlaw,Bryan Martin,1,1,67
04YKO5t4AZrsqKfGhhUb2j,Ride the Lightning - 717 Tapes,Warren Zeiders,1,1,68
79DO6dBi8936P6EShLB209,Lightning Bolt,Jake Bugg,1,1,60
5bu8p495FPdRySYSptdny2,Goin For Broke,Bryan Martin,1,1,57
7yyRhjoCsdt5dDpFz2CImD,Wolves Cry,Bryan Martin,1,1,67
6cB0sVqlATraubALqGJ0l1,Foolin' Ourselves,Evan Honer,1,1,65
2FQrifJ1N335Ljm3TjTVVf,A Bar Song (Tipsy),Shaboozey,1,1,86
1QvDl9tBq6PsMVE7Bf2ZOV,smoke & a light,Ole 60,1,1,72
6XKm1z5lYIq486iWMLnSFY,Nobody's Better (feat. Fetty Wap),"Suzi, Fetty Wap",1,1,62
2d8JP84HNLKhmd6IYOoupQ,Trap Queen,Fetty Wap,1,1,72
0fgZUSa7D7aVvv3GfO0A1n,Post to Be (feat. Chris Brown & Jhene Aiko),"Omarion, Chris Brown, Jhené Aiko",1,1,69
5BrTUo0xP1wKXLJWUaGFtk,Loyal (feat. Lil Wayne & Tyga),"Chris Brown, Lil Wayne, Tyga",1,1,74
0Dc7J9VPV4eOInoxUiZrsL,Don't Tell 'Em,"Jeremih, YG",1,1,72
5IZc3KIVFhjzJ0L2kiXzUl,Promise (feat. Fetty Wap),"Kid Ink, Fetty Wap",1,1,58
4q6dqyGM25sKFU8nYAGRe4,Show Me (feat. Chris Brown),"Kid Ink, Chris Brown",1,1,67
0hy1SOTEn9ifXTzOwnCwEr,All Eyes on You (feat. Chris Brown & Nicki Minaj),"Meek Mill, Chris Brown, Nicki Minaj",1,1,66
2asIUjALYhUbH8hvLUhDWo,Main Chick (feat. Chris Brown),"Kid Ink, Chris Brown",1,1,61
3jVtllWS5CFFWLQng8sKsr,2 On (feat. ScHoolboy Q),"Tinashe, ScHoolboy Q",1,1,78
0SqUFLaRXwufRUsJ0t4dXB,No Mediocre (feat. Iggy Azalea),"T.I., Iggy Azalea",1,1,51
39z2CyYexbcwgD0pEeUUeu,Tapout,"Rich Gang, Lil Wayne, Birdman, Mack Maine, Nicki Minaj, Future",1,1,55
1z15fhSgN6U2k4gqA1Zu4j,Something New,"Zendaya, Chris Brown",1,1,57
7ioiB40H9xKs04QtIso2I3,Somebody,"Natalie La Rose, Jeremih",1,1,62
7DTlsMOQjGysXHpwwpHuPl,Lifestyle,"Rich Gang, Young Thug, Rich Homie Quan",1,1,68
3fBbfrWZUuWWrMQXFISr7N,New Flame (feat. Usher & Rick Ross),"Chris Brown, USHER, Rick Ross",1,1,69
75u9uswC5UMdtv4SQ3xSYf,The Night Is Still Young,Nicki Minaj,1,1,66
190jyVPHYjAqEaOGmMzdyk,Beauty And A Beat,"Justin Bieber, Nicki Minaj",1,1,74
5ScbulRnixQ2XAdvrPMFjz,Get Along Better,"Drake, Ty Dolla $ign",1,1,67
5mCPDVBb16L4XQwDdbRUpz,Passionfruit,Drake,2,1,80
0k6DnZMLoEUH8NGD5zh2SE,Ayo,"Chris Brown, Tyga",1,1,70
6ezg5Mm5UEEi3Oqsbb7Cjn,"Do You Mind (feat. Nicki Minaj, Chris Brown, August Alsina, Jeremih, Future & Rick Ross)","DJ Khaled, Nicki Minaj, Chris Brown, August Alsina, Jeremih, Future, Rick Ross",1,1,60
3UrNOHCzVxX2KZbNcKQAyu,High School,"Nicki Minaj, Lil Wayne",1,1,61
124NFj84ppZ5pAxTuVQYCQ,Take Care,"Drake, Rihanna",1,1,73
20FZrLl9zSbO9b3DhaqO6M,23,"Mike WiLL Made-It, Miley Cyrus, Wiz Khalifa, Juicy J",1,1,67
4Wjhj0WjkyECccfHVIgaTq,Trust Issues,Drake,1,1,76
1YLfaRr3QIW1fF3nvDO0gX,Whatchamacallit (feat. Chris Brown),"Ella Mai, Chris Brown",1,1,59
6CTWathupIiDs7U4InHnDA,Trip,Ella Mai,1,1,71
21DN44aYlSoyfOQcboC0IP,Throw It Away,Summer Walker,1,1,56
3azJifCSqg9fRij2yKIbWz,The Color Violet,Tory Lanez,1,1,83
5DfWF0jqMgZDCiu9zJENTA,Ring (feat. Kehlani),"Cardi B, Kehlani",1,1,62
1ia019RqDK2o4QiANR1Dyn,Moment 4 Life,"Nicki Minaj, Drake",1,1,68
6rje9f1wRFJDO2iTORw0lH,I Know,"Big Sean, Jhené Aiko",1,1,72
5jnxxpX2834SB6LJ0S73Uz,Lollipop,"Lil Wayne, Static Major",1,1,68
7JWmo14H5J8aUZ5b18kbev,All The Time (feat. Lil Wayne & Natasha Mosley),"Jeremih, Lil Wayne, Natasha Mosley",1,1,63
1IIKrJVP1C9N7iPtG6eOsK,Go Crazy,"Chris Brown, Young Thug",1,1,71
6ZRuF2n1CQxyxxAAWsKJOy,Nights Like This (feat. Ty Dolla $ign),"Kehlani, Ty Dolla $ign",1,1,72
5rrdApB4CMDECxnnAt7xw0,Animal,"Chris Brown, Young Thug",1,1,40
0At2qAoaVjIwWNAqrscXli,Boo'd Up,Ella Mai,1,1,66
7JYsArznYOjX2jsrT3UEnL,OOOUUU,Young M.A,1,1,65
2Fyjjpg03fn7n5cj0Qm380,Karma,Summer Walker,1,1,70
2bgW1SJqUjIkWcbxTPTIdy,Right By My Side,"Nicki Minaj, Chris Brown",1,1,53
3eekarcy7kvN4yt5ZFzltW,HIGHEST IN THE ROOM,Travis Scott,1,1,84
3QzAOrNlsabgbMwlZt7TAY,Ballin' (with Roddy Ricch),"Mustard, Roddy Ricch",1,1,73
2UVbBKQOdFAekPTRsnkzcf,Stir Fry,Migos,1,1,71
0PvFJmanyNQMseIFrU708S,For The Night (feat. Lil Baby & DaBaby),"Pop Smoke, Lil Baby, DaBaby",1,1,73
03It1uO69CjGWP3yyVe465,Chun Swae (feat. Swae Lee),"Nicki Minaj, Swae Lee",1,1,54
01jIO8SJFnpSiNLH1JaBZ5,You,Jacquees,1,1,64
1VJwtWR6z7SpZRwipI12be,Candy,Doja Cat,1,1,79
26XUAwGZqQEyy8Ubhtj4kq,Feelin' Myself,"will.i.am, Miley Cyrus, French Montana, Wiz Khalifa, Mustard",1,1,57
3HbMXSKuTdKWChpvMIKhg5,Fly Sh!t,Coi Leray,1,1,36
3YEbLhXRDPTtctnb3ddg8g,Big Ole Freak,Megan Thee Stallion,1,1,57
3HVWdVOQ0ZA45FuZGSfvns,I Don't Care (with Justin Bieber),"Ed Sheeran, Justin Bieber",1,1,71
0e7ipj03S05BNilyu5bRzt,rockstar (feat. 21 Savage),"Post Malone, 21 Savage",1,1,79
5bgwqaRSS3M8WHWruHgSL5,8TEEN,Khalid,2,1,70
4Oun2ylbjFKMPTiaSbbCih,WAP (feat. Megan Thee Stallion),"Cardi B, Megan Thee Stallion",1,1,74
7py16W5fWYLFFS6BElKAjn,Tears (feat. Louisa Johnson),"Clean Bandit, Louisa Johnson",1,1,52
2EBCVPNAG46nbgs6jXPGvv,Starships,Nicki Minaj,1,1,75
3Ueq2zboxwAbsvHrOjdEqz,MIA (feat. Drake),"Bad Bunny, Drake",1,1,61
10aCY2jJFNYGf9qpiN2LZy,To Last,Tyla,1,1,41
5aIVCx5tnk0ntmdiinnYvw,Water,Tyla,1,1,83
58oryymPZNdtS2z8Une6NJ,Undecided,Chris Brown,1,1,57
1KhljCoJ2TgDEldnnfTHHc,Party (feat. Usher & Gucci Mane),"Chris Brown, USHER, Gucci Mane",1,1,64
6wN4nT2qy3MQc098yL3Eu9,Deuces (feat. Tyga & Kevin McCall),"Chris Brown, Tyga, Kevin McCall",1,1,68
5w1vhNA2OEWUQ371QzyMmM,Down In the DM (feat. Nicki Minaj) - Remix,"Yo Gotti, Nicki Minaj",1,1,55
1B6TmCvKjC4dopBohVW51x,B.E.D.,Jacquees,1,1,72
7k802XMtsF57i4WS2M2MGg,Grass Ain't Greener,Chris Brown,1,1,61
2xyx0o4xNOLLjBSbOOdcbA,Playing Games (with Bryson Tiller) - Extended Version,"Summer Walker, Bryson Tiller",1,1,74
3gruCKVuhCsRjs3a3dG8CA,GREECE (feat. Drake),"DJ Khaled, Drake",1,1,62
59NC8SuXPiSaiYL69XQ4dt,Let Me Love You,"Ariana Grande, Lil Wayne",1,1,69
2YzmfPLqUx5CJOaw5ThsBV,Plain Jane REMIX (feat. Nicki Minaj),"A$AP Ferg, Nicki Minaj",1,1,66
4hXDobvUaXyDFLnmecoY0z,Dip (feat. Nicki Minaj),"Tyga, Nicki Minaj",1,1,52
7F51q96XofOD2lntm7hzvQ,Body Language (feat. Usher & Tinashe),"Kid Ink, USHER, Tinashe",1,1,52
41bmnQZoDMQdDh5zyomtW7,Endless Fashion (feat. Nicki Minaj),"Lil Uzi Vert, Nicki Minaj",1,1,59
2qsQ8eVDPmobZpvDxQCVQu,Barbie Tingz,Nicki Minaj,1,1,57
41Fflg7qHiVOD6dEPvsCzO,Worth It (feat. Kid Ink),"Fifth Harmony, Kid Ink",1,1,72
1kcEx8qhKKHjHkM4bj5s8F,Boo'd Up (with Nicki Minaj & Quavo) - Remix,"Ella Mai, Nicki Minaj, Quavo",1,1,41
4yOn1TEcfsKHUJCL2h1r8I,Feel This Moment (feat. Christina Aguilera),"Pitbull, Christina Aguilera",1,1,48
7ldKWEe85bATYYx0e5bzoZ,Oubaas,"Temple Boys Cpt, Sleeks",1,1,15
3A7qX2QjDlPnazUsRk5y0M,2U (feat. Justin Bieber),"David Guetta, Justin Bieber",1,1,62
6Vdyu21iT8qScU1haSjWUU,"Leave Em Alone (Layton Greene, Lil Baby feat. City Girls, PnB Rock)","Quality Control, Layton Greene, Lil Baby, City Girls, PnB Rock",1,1,63
5LIleJbUUgtvYnBW9wfY1W,Na Na,Trey Songz,1,1,61
1i1fxkWeaMmKEB4T7zqbzK,Don't Let Me Down,"The Chainsmokers, Daya",1,1,80
7ewfvLrlI0VNht4vEnoTMh,No Love,"August Alsina, Nicki Minaj",1,1,59
0g5EKLgdKvNlln7TNqBByK,Middle,"DJ Snake, Bipolar Sunshine",1,1,73
5nexAvWNhwg51EavnDgViy,Toxic,Kehlani,1,1,66
1i9lZvlaDdWDPyXEE95aiq,TELEKINESIS (feat. SZA & Future),"Travis Scott, SZA, Future",1,1,78
0tBbt8CrmxbjRP0pueQkyU,Wolves,"Selena Gomez, Marshmello",1,1,74
4PEGwWH4tL6H7dGl4uVSPg,Like a Tattoo,Sade,1,1,74
3hlksXnvbKogFdPbpO9vel,Super Bass,Nicki Minaj,1,1,76
3NZJlJemX3mzjf56MqC5ML,Forever,Chris Brown,1,1,76
6GNifiuBPrKFpwNBYnooFm,The Way Life Goes (feat. Nicki Minaj & Oh Wonder) - Remix,"Lil Uzi Vert, Nicki Minaj, Oh Wonder",1,1,62
4zrwPfq5ENLzjq41Txs2HR,Want Her,"Mustard, Quavo, YG",1,1,59
72Bz4ciRZPBcVSw0nrZDHi,Do It Again,"Pia Mia, Chris Brown, Tyga",1,1,69
2xRYnHQdLD9ketvC01UYYT,It Won't Stop (feat. Chris Brown) - EP Version,"Sevyn Streeter, Chris Brown",1,1,66
5r67bGhYXZNqk2m2Wupfmu,Pour It Up,Rihanna,1,1,67
0pQskrTITgmCMyr85tb9qq,Starman - 2012 Remaster,David Bowie,1,1,75
2EC9IJj7g0mN1Q5VrZkiYY,Rebel Rebel - 2016 Remaster,David Bowie,2,1,67
72Z17vmmeQKAg8bptWvpVG,Space Oddity - 2015 Remaster,David Bowie,2,1,69
3ZE3wv8V3w2T2f7nOCjV0N,Life on Mars? - 2015 Remaster,David Bowie,1,1,66
7aE5WXu5sFeNRh3Z05wwu4,Wish You Were Here - 2011 Remaster,Pink Floyd,1,1,61
14XWXWv5FoCbFzLksawpEe,Riders on the Storm,The Doors,1,1,69
5p3JunprHCxClJjOmcLV8G,Walk On the Wild Side,Lou Reed,2,1,73
3qiyyUfYe7CRYLucrPmulD,Baba O'Riley,The Who,1,1,71
4BP3uh0hFLFRb5cjsgLqDh,Fortunate Son,Creedence Clearwater Revival,2,1,82
7rPzEczIS574IgPaiPieS3,"Another Brick In The Wall, Pt. 2 - 2011 Remastered Version",Pink Floyd,1,1,69
32dnKMni3I3gwUbWp4mi45,"Shine On You Crazy Diamond, Pts. 1-5 - 2011 Remaster",Pink Floyd,1,1,61
2YMN5C5XDSsqCHSoJIbOzj,"Shine On You Crazy Diamond, Pts. 6-9 - 2011 Remaster",Pink Floyd,1,1,51
4xHWH1jwV5j4mBYRhxPbwZ,Time - 2011 Remastered Version,Pink Floyd,1,1,61
25tZHMv3ctlzqDaHAeuU9c,The Great Gig In The Sky - 2011 Remastered Version,Pink Floyd,1,1,63
7Gx2q0ueNwvDp2BOZYGCMO,Money - 2011 Remastered Version,Pink Floyd,1,1,61
7Fg4jpwpkdkGCvq1rrXnvx,Comfortably Numb - 2011 Remastered Version,Pink Floyd,1,1,65
626wlz3bovvpH06PYht5R0,Us And Them - 2011 Remastered Version,Pink Floyd,1,1,56
72boGlgSwUK01n44O2tOCv,Lost in the Supermarket - Remastered,The Clash,1,1,57
1FvDJ9KGxcqwv1utyPL3JZ,This Charming Man - 2011 Remaster,The Smiths,1,1,76
7EUEl5wJb8VI777UAUvRnH,Brain Damage - 2011 Remastered Version,Pink Floyd,1,1,56
6YlOxoHWLjH6uVQvxUIUug,Rockin' All Over The World,Status Quo,1,1,58
7e89621JPkKaeDSTQ3avtg,Sweet Home Alabama,Lynyrd Skynyrd,2,1,78
40riOy7x9W7GXjyGp4pjAv,Hotel California - 2013 Remaster,Eagles,1,1,81
3gdewACMIVMEWVbyb8O9sY,"Rocket Man (I Think It's Going To Be A Long, Long Time)",Elton John,1,1,79
1fDsrQ23eTAVFElUMaf38X,American Pie,Don McLean,1,1,73
3yrSvpt2l1xhsV9Em88Pul,Brown Eyed Girl,Van Morrison,1,1,79
0LoQuiekvzqx7n8flgEKzF,Get It On,T. Rex,1,1,68
5CQ30WqJwcep0pYcV4AMNc,Stairway to Heaven - Remaster,Led Zeppelin,1,1,76
5EWPGh7jbTNO2wakv8LjUI,Free Bird,Lynyrd Skynyrd,1,1,74
3Xls4cNOwy01dtrNXb1inG,White Room,Cream,2,1,66
4mn2kNTqiGLwaUR8JdhJ1l,House of the Rising Sun,The Animals,1,1,73
0cKk8BKEi7zXbdrYdyqBP5,Behind Blue Eyes,The Who,1,1,66
5QTxFnGygVM4jFQiBovmRo,(Don't Fear) The Reaper,Blue Öyster Cult,1,1,73
7rUkzuaCFJx2UwXTWEpcDe,That's Right,Cage The Elephant,1,1,41
7DUW5FRgH7c3RqhIGVDhSn,15 Years,Houndmouth,1,1,19
3EYOJ48Et32uATr9ZmLnAo,Roxanne,The Police,1,1,77
37Tmv4NnfQeb0ZgUC4fOJj,Sultans Of Swing,Dire Straits,1,1,79
54eZmuggBFJbV7k248bTTt,A Horse with No Name,"America, George Martin",2,1,75
4s6LhHAV5SEsOV0lC2tjvJ,California Dreamin' - Single Version,The Mamas & The Papas,1,1,78
3G7tRC24Uh09Hmp1KZ7LQ2,I'm a Believer - 2006 Remaster,The Monkees,1,1,74
70C4NyhjD5OZUMzvWZ3njJ,Piano Man,Billy Joel,1,1,76
07GvNcU1WdyZJq3XxP0kZa,Go Your Own Way - 2004 Remaster,Fleetwood Mac,1,1,77
20OFwXhEXf12DzwXmaV7fj,Bad Moon Rising,Creedence Clearwater Revival,2,1,79
7iN1s7xHE4ifF5povM6A48,Let It Be - Remastered 2009,The Beatles,1,1,76
1oYYd2gnWZYrt89EBXdFiO,Message In A Bottle,The Police,1,1,74
39shmbIHICJ2Wxnk1fPSdz,Should I Stay or Should I Go - Remastered,The Clash,1,1,79
1i6N76fftMZhijOzFQ5ZtL,Psycho Killer - 2005 Remaster,Talking Heads,1,1,73
5jzma6gCzYtKB1DbEwFZKH,London Calling - Remastered,The Clash,1,1,69
1QFh8OH1e78dGd3VyJZCAC,Boys Don't Cry,The Cure,1,1,77
34iOH7LY3vme5rQxsVILZ4,Love Will Tear Us Apart - 2020 Remaster,Joy Division,1,1,69
0E8q2Fx2XuzXCO2NSAppkR,In A Sentimental Mood,"Duke Ellington, John Coltrane",1,1,64
1kPBT8S2wJFNAyBMnGVZgL,I'd Rather Go Blind,Etta James,1,1,76
5GMQdzgtI7vtpmtps2YiYx,Beautiful Boy (Darling Boy) - 2010 Remastered,John Lennon,1,1,61
4cIPLtg1avt2Jm3ne9S1zy,Killer Queen - Remastered 2011,Queen,1,1,73
5e9TFTbltYBg2xThimr0rU,The Chain - 2004 Remaster,Fleetwood Mac,1,1,79
4KfSdst7rW39C0sfhArdrz,Barracuda,Heart,1,1,72
0vOkmmJEtjuFZDzrQSFzEE,Hit Me With Your Best Shot,Pat Benatar,1,1,69
2F1fnE1a8zQCogM6jJifHH,Jessie's Girl,Rick Springfield,1,1,66
4bHsxqR3GMrXTxEPLuK5ue,Don't Stop Believin',Journey,1,1,25
2374M0fQpWi3dLnB54qaLX,Africa,TOTO,1,1,83
3ZZq9396zv8pcn5GYVhxUi,Down Under,Men At Work,1,1,77
2WfaOiMkCvy7F5fcp2zZ8L,Take on Me,a-ha,1,1,83
4y1LsJpmMti1PfRQV9AWWe,Girls Just Want to Have Fun,Cyndi Lauper,1,1,79
0ikz6tENMONtK6qGkOrU3c,Wake Me Up Before You Go-Go,Wham!,1,1,78
6W2VbtvMrDXm5vYeB7amkO,Footloose,Kenny Loggins,1,1,69
5zA8vzDGqPl2AzZkEYQGKh,Uptown Girl,Billy Joel,1,1,81
2RlgNHKcydI9sayD2Df2xp,Mr. Blue Sky,Electric Light Orchestra,1,1,75
0VV8wkOM4w78A2OHZOTzNP,Live And Let Die - 2018 Remaster,Wings,1,1,61
5T8EDUDqKcs6OSOwEsfqG7,Don't Stop Me Now - Remastered 2011,Queen,1,1,80
37ZJ0p5Jm13JPevGcx4SkF,Livin' On A Prayer,Bon Jovi,1,1,83
0bVtevEgtDIeRjCJbK3Lmv,Welcome To The Jungle,Guns N' Roses,1,1,32
7o2CTH4ctstm8TNelqjb51,Sweet Child O' Mine,Guns N' Roses,1,1,29
0GjEhVFGZW8afUYGChu3Rr,Dancing Queen,ABBA,1,1,82
7HW5WIw7ZgZORCzUxv5gW5,Don't Go Breaking My Heart,"Elton John, Kiki Dee",1,1,78
62AuGbAkt8Ox2IrFFb8GKV,Sweet Caroline,Neil Diamond,1,1,74
1QbOvACeYanja5pbnJbAmk,"Take Me Home, Country Roads",John Denver,1,1,72
3Cx4yrFaX8CeHwBMReOWXI,We Didn't Start the Fire,Billy Joel,1,1,73
6fw12s3vAJQAt7lbICodwC,"I Will Survive - Original 7"" Version",Gloria Gaynor,1,1,66
5kErKPSPv8EgdZ04R3el1K,It's Raining Men - Single Version,The Weather Girls,1,1,53
5ubvP9oKmxLUVq506fgLhk,Stayin Alive,Bee Gees,1,1,70
6ztstiyZL6FXzh4aG46ZPD,Boogie Wonderland,"Earth, Wind & Fire, The Emotions",1,1,76
3vkQ5DAB1qQMYO4Mr9zJN6,Gimme! Gimme! Gimme! (A Man After Midnight),ABBA,1,1,78
1TfqLAPs4K3s2rJMoCokcS,Sweet Dreams (Are Made of This) - 2005 Remaster,"Eurythmics, Annie Lennox, Dave Stewart",1,1,82
0cGG2EouYCEEC3xfa0tDFV,Tainted Love,Soft Cell,1,1,78
05wIrZSwuaVWhcv5FfqeH0,Walking On Sunshine,Katrina & The Waves,1,1,75
3MrWxJaD2AT0W9DjWF64Vm,Come On Eileen,Dexys Midnight Runners,1,1,73
4RvWPyQ5RL0ao9LPZeSouE,Everybody Wants To Rule The World,Tears For Fears,1,1,84
2wSAWEYUHkt92X4SBAPqZE,Karma Chameleon - Remastered 2002,Culture Club,1,1,73
2HHtWyy5CgaQbC7XSoOb0e,Eye of the Tiger,Survivor,1,1,76
08mG3Y1vljYA6bvDt4Wqkj,Back In Black,AC/DC,1,1,82
6OnfBiiSc9RGKiBKKtZXgQ,We Built This City,Starship,1,1,72
07q0QVgO56EorrSGHC48y3,I Was Made For Lovin' You,KISS,1,1,81
1xsYj84j7hUDDnTTerGWlH,Dream On,Aerosmith,1,1,80
7ACxUo21jtTHzy7ZEV56vU,Crazy Train,Ozzy Osbourne,1,1,74
4JfuiOWlWCkjP6OKurHjSn,Walk This Way,Aerosmith,1,1,72
1nQRg9q9uwALGzouOX5OyQ,Radio Ga Ga - Remastered 2011,Queen,1,1,71
2PzU4IB8Dr6mxV3lHuaG34,(I Can't Get No) Satisfaction - Mono Version,The Rolling Stones,1,1,75
2G93DMHcH5wJ4Hb4lXaT0K,Gj!,BABYMETAL,1,1,40
0TGKBG5wK1ZGSACf6uso3H,One,Three Dog Night,1,1,41
2aoo2jlRnM3A0NyLQqMN2f,All Along the Watchtower,Jimi Hendrix,1,1,72
4u9f8hqstB7iITDJNzKhQx,My Generation - Stereo Version,The Who,1,1,60
5FKkbyGm42hw1y08l2knlO,(I Can't Get No) Satisfaction - Mono Version,The Rolling Stones,1,1,50
3bWGaqVeYKMlLss40mPgNn,"Hello, I Love You",The Doors,1,1,58
0hCB0YR03f6AmQaHbwWDe8,Whole Lotta Love - 1990 Remaster,Led Zeppelin,1,1,71
1qRA5BS78u3gME0loMl9AA,For What It's Worth,Buffalo Springfield,1,1,77
3lN8PP6R2IxbLP05QpYXng,Born To Be Wild - Single Version,Steppenwolf,1,1,64
0wJoRiX5K5BxlqZTolB2LD,Purple Haze,Jimi Hendrix,1,1,65
3AhXZa8sUQht0UEdBJgpGc,Like a Rolling Stone,Bob Dylan,1,1,69
5uvosCdMlFdTXhoazkTI5R,Light My Fire,The Doors,1,1,67
6FRwDxXsvSasw0y2eDArsz,Sunshine Of Your Love,Cream,1,1,58
23MrkN7g6Q5U7GLIxNHN1B,Foxey Lady,Jimi Hendrix,1,1,56
4uGIJG1jYFonGc4LGp5uQL,Somebody to Love,Jefferson Airplane,1,1,71
1RJeiAIwR9pZBgJA8ndZLL,"Paint It, Black - Mono",The Rolling Stones,1,1,52
6L5BZEcZmD6RBJnimzlyKr,Nights In White Satin - Single Version / Mono,The Moody Blues,1,1,62
4c4jJJoaiY21t2TyRZgdWS,Magic Carpet Ride,Steppenwolf,1,1,65
66FSV5dLK5sNLZ00IfHxfD,Bad Moon Rising,Creedence Clearwater Revival,1,1,31
6Um3XCAxl9YfFmAnGl93xc,I Fought the Law - Single Version,The Bobby Fuller Four,1,1,53
52vA3CYKZqZVdQnzRrdZt6,The Times They Are A-Changin',Bob Dylan,1,1,63
4vpeKl0vMGdAXpZiQB2Dtd,White Rabbit,Jefferson Airplane,1,1,65
2RnPATK99oGOZygnD2GTO6,With A Little Help From My Friends - Remastered 2009,The Beatles,1,1,61
5V3HOUIcQTAdUmzHPcfb6F,A Day In The Life - Remix,The Beatles,1,1,36
3J2RmOkB4VRBv4N66Nor0y,Sgt. Pepper's Lonely Hearts Club Band - Remix,The Beatles,1,1,37
6sMGNw1E4q79DoAFGDCYuD,Good Times Bad Times - Remaster,Led Zeppelin,1,1,39
2G7woUgHMt6QBU7esQ5rsL,Immigrant Song - Remaster,Led Zeppelin,1,1,35
3qT4bUD1MaWpGrTwcvguhb,Black Dog - Remaster,Led Zeppelin,1,1,69
4PRGxHpCpF2yoOHYKQIEwD,Rock and Roll - Remaster,Led Zeppelin,1,1,67
0d0Z9qFbTIgDSZtImluTAy,Houses of the Holy - Remaster,Led Zeppelin,1,1,52
6Vjk8MNXpQpi0F4BefdTyq,Kashmir - Remaster,Led Zeppelin,1,1,66
3Qjm0halGOZZGIS1tNaXlI,Ramble On - Remaster,Led Zeppelin,1,1,43
2kkvB3RNRzwjFdGhaUA0tz,Layla,Derek & The Dominos,1,1,69
4gMgiXfqyzZLMhsksGmbQV,"Another Brick in the Wall, Pt. 2",Pink Floyd,1,1,73
24YmWQgunJGAU8El3ndkyn,In the Flesh?,Pink Floyd,1,1,54
0vFOzaXqZHahrZp6enQwQb,Money,Pink Floyd,1,1,68
05uGBKRCuePsf43Hfm0JwX,Brain Damage,Pink Floyd,1,1,63
7Ar4G7Ci11gpt6sfH9Cgz5,Listen to the Music,The Doobie Brothers,1,1,77
4nXkbcTj3nyww1cHkw5RAP,Long Train Runnin',The Doobie Brothers,1,1,68
4p8QcNkaq2FQj8uGJ7HEDK,Black Water,The Doobie Brothers,1,1,58
5UuikgHTxSRFRnC0zXx10i,Aqualung,Jethro Tull,1,1,57
6MBZyLisOWTChcevgFqwVr,Cross-Eyed Mary,Jethro Tull,1,1,48
6H3kDe7CGoWYBabAeVWGiD,Gimme Shelter,The Rolling Stones,1,1,72
1IqFh00G2kvvMm8pRMpehA,Me and Bobby McGee,Janis Joplin,1,1,66
1Q1b8eVkUPGlpSArl8JAVw,Heart of Gold - 2009 Remaster,Neil Young,1,1,61
6FsQrRpBLgsrFeAeiQqytm,Bang a Gong (Get It On) - 2003 Remaster,T. Rex,1,1,61
0YZ3J8xzGwLOg4yEgST1YK,With A Little Help From My Friends,Joe Cocker,1,1,61
0LrwgdLsFaWh9VXIjBRe8t,Changes - 2015 Remaster,David Bowie,1,1,65
5IyL3XOaRPpTgxVjRIAxXU,Ziggy Stardust - 2012 Remaster,David Bowie,1,1,61
7CQXyFX44CXmnuq8Bi9Dyc,Get Together,The Youngbloods,1,1,52
1d9hUvkv64Wmdu671Dydpc,Ride Captain Ride,Blues Image,1,1,48
29e2364ViTJznXfssTkKrV,Ride Captain Ride,"Blood, Sweat & Tears",1,1,14
3RN7Bw1U61nzMbTvwibb8Q,God Bless the Child,"Blood, Sweat & Tears",1,1,31
0spSRHFS4zF4Imvz9sJcfL,Spinning Wheel,"Blood, Sweat & Tears",1,1,48
76OUhpuAQSQ2orR5TUeeRc,You've Made Me So Very Happy,"Blood, Sweat & Tears",1,1,46
26BpoFfXMCt0iX4daD6U9O,Hi-De-Ho,"Blood, Sweat & Tears",1,1,28
4iCBPbbuKxdUtbZ226x7Ow,Lucretia Mac Evil,"Blood, Sweat & Tears",1,1,19
4EhieZ0s8jzrmr1kLAXIQU,Got To Get You Into My Life,"Blood, Sweat & Tears",1,1,18
52CWqKbNIqdYo2yKAXGUbK,Jane,Jefferson Starship,1,1,10
52nrUTQHMe4uxzjDICaD4H,We Built This City,Starship,1,1,16
3LQPTJEqOfljGBxmpgUnoC,American Woman - 2024 Remaster,The Guess Who,1,1,50
5SZ6zX4rOrEQferfFC2MfP,Walk This Way,Aerosmith,1,1,27
5DnT9a5IM3eMjKgXTWVJvi,Have You Ever Seen The Rain,Creedence Clearwater Revival,1,1,62
2gE95JskwQ1pCACTpGe1Db,Down On The Corner,Creedence Clearwater Revival,1,1,71
36gPq8WG7tDxrblyGVUCiT,Up Around The Bend,Creedence Clearwater Revival,1,1,59
031rVKYjBhsaVM8o1i1vK0,Proud Mary,Creedence Clearwater Revival,1,1,47
6Fu2DQzXvx28qYEPrXDikG,I Heard It Through The Grapevine,Creedence Clearwater Revival,1,1,51
1bp2IO61zbQrbWNmKKxg3f,The Joker,Steve Miller Band,1,1,72
3e0FzZjTXOUtiJGSClOBrI,Fly Like An Eagle,Steve Miller Band,1,1,61
1ZhrREyOOeFV6TxDOyiPwu,Take The Money And Run,Steve Miller Band,1,1,64
0HOrDVS349XFcpCYsO2hAP,You Ain't Seen Nothing Yet,Bachman-Turner Overdrive,1,1,68
0lzNXoZINVBLHWNIxKxWOo,Takin' Care Of Business,Bachman-Turner Overdrive,1,1,61
4MYb7NWLwXNDB7bYs3HeX8,Slow Ride - Edit,Foghat,1,1,59
2K2M0TcglCRLLpFOzKeFZA,Sunshine Of Your Love,Cream,1,1,68
7BY005dacJkbO6EPiOh2wb,House Of The Rising Sun,The Animals,1,1,69
7vYA9ET5AUqJt5pBbhKmcB,Don't Let Me Be Misunderstood,The Animals,1,1,60
70YvYr2hGlS01bKRIho1HM,La Grange - 2005 Remaster,ZZ Top,1,1,21
5cfYurP1XKldMBtvBBJiTs,Ramblin' Man,Allman Brothers Band,1,1,53
6s0NHplywwr1IjnQpUpWJk,Bad To The Bone,George Thorogood & The Destroyers,1,1,67
6EMImSrB2kkbz0ZHtMa7zj,Who Do You Love?,George Thorogood & The Destroyers,1,1,43
7cy1bEJV6FCtDaYpsk8aG6,China Grove,The Doobie Brothers,1,1,60
2wvMC5EyaaYQwBfiwwY2xE,Life's Been Good,Joe Walsh,1,1,60
2zYzyRzz6pRmhPzyfMEC8s,Highway to Hell,AC/DC,1,1,84
0lx2cLdOt3piJbcaXIV74f,willow,Taylor Swift,1,1,73
4R2kfaDFhslZEMJqAFNpdd,cardigan,Taylor Swift,1,1,82
3hUxzQpSfdDqwM3ZTFQY0K,august,Taylor Swift,1,1,83
4axSuOg3BqsowKjRpj59RU,Carolina - From The Motion Picture “Where The Crawdads Sing”,Taylor Swift,1,1,61
6VzcQuzTNTMFnJ6rBSaLH9,Fine Line,Harry Styles,1,1,75
4zmKGsrXjLmljb5fTaBTot,Snow On The Beach (feat. More Lana Del Rey),"Taylor Swift, Lana Del Rey",1,1,70
5VYWxXUpxuxEmCqMLDqICo,long story short,Taylor Swift,1,1,62
1zU8j1x3yi9xalMF96pzKp,Dear John (Taylor's Version),Taylor Swift,1,1,66
0AaV4MJrgmLV3XhoiWXjjb,evermore (feat. Bon Iver),"Taylor Swift, Bon Iver",1,1,62
7kt9e9LFSpN1zQtYEl19o1,this is me trying,Taylor Swift,1,1,73
20AC70RUlVz6A6dCcQ5tRS,Re: Stacks,Bon Iver,1,1,66
1XjHRolIXL2M1EEOUsGGR4,cowboy like me,Taylor Swift,1,1,64
1dD1aarWotVIiFo5gGdMc2,Once in a Lifetime,One Direction,1,1,58
0eFQWVz0qIxDOvhLpZ40P7,the lakes - bonus track,Taylor Swift,1,1,64
0sY6ZUTh4yoctD8VIXz339,champagne problems,Taylor Swift,1,1,75
5BK0uqwY9DNfZ630STAEaq,gold rush,Taylor Swift,1,1,65
6KJqZcs9XDgVck7Lg9QOTC,seven,Taylor Swift,1,1,68
3RaT22zZsxVYxxKR7TAaYF,"no body, no crime (feat. HAIM)","Taylor Swift, HAIM",1,1,63
1IF5UcqRO42D12vYwceOY6,From the Dining Table,Harry Styles,1,1,68
5S4aYQAJOwJMAamANWlICO,exile (feat. Bon Iver),"Taylor Swift, Bon Iver",1,1,66
7LyBwug9tJgbaEzRCqtY78,Put A Little Love On Me,Niall Horan,1,1,64
79YGfoagW5Z75PDvnZK5vl,Two of Us - Acoustic,Louis Tomlinson,1,1,41
5BpmwiKR6ns1EtfCQRpNUc,Flicker,Niall Horan,1,1,60
0L5gFNrzHyh4OhMwEz6DGS,Fool's Gold,One Direction,1,1,66
5UcphALlWd7sBBySclJvAi,Home,One Direction,1,1,60
4u9Y4Z9i9VaAbBK7rW1Rha,Meet Me in the Hallway,Harry Styles,1,1,63
5P2bHCDM2tsgIaYWsZMhu5,my tears ricochet,Taylor Swift,1,1,65
4Zwt0IkpzDOW2u0YfV94TK,Still,Niall Horan,1,1,60
2NmsngXHeC1GQ9wWrzhOMf,illicit affairs,Taylor Swift,1,1,74
4YutJsNwBBInE8vemufpQ8,"Girl Crush - Recorded at Metropolis Studios, London",Harry Styles,1,1,63
7A7RygcHdNH0iJHgwteajF,Only the Brave,Louis Tomlinson,1,1,54
0PurA4JVJ8YQgSVopY8fn6,tolerate it,Taylor Swift,1,1,70
5JiH89mHrv9oWHlD0T326z,To Be So Lonely,Harry Styles,1,1,63
43Ykum9T72UOPhBN31grpN,ivy,Taylor Swift,1,1,63
5kRPPEWFJIMox5qIkQkiz5,Sweet Creature,Harry Styles,1,1,71
6znZ9AWrZfbOWZTBC13s2h,Changes,Cam,1,1,39
73YUReisjb3A9ActdLLjJQ,happiness,Taylor Swift,1,1,64
3WIifw9lqdgSZpt9renBAg,Yosemite,Lana Del Rey,1,1,55
3PgxWUQc4HJoQMj5Kp5Mcd,"Lover - Recorded at Air Studios, London","Niall Horan, FLETCHER",1,1,47
0BiqmkasE5FdrChwKfVp8X,Bigger Than The Whole Sky,Taylor Swift,1,1,64
608R6FvRtAqf2dvgKMzebP,I Want to Write You a Song,One Direction,1,1,61
7vBNFh3NIZTj6tB5s1IBjE,marjorie,Taylor Swift,1,1,62
2Xs64pHlU29DTVMjWKyblt,I'm With You,Vance Joy,1,1,49
5CRVwXGikmqzoRO6q7FeAg,If I Could Fly,One Direction,1,1,66
5Qnrgqy1pAm9GyNQOgyVFz,Fourth of July,Sufjan Stevens,1,1,77
3zwMVvkBe2qIKDObWgXw4N,right where you left me - bonus track,Taylor Swift,1,1,74
1n3b9Eekoy3S9ZSZ5DmTW1,All Too Well (Sad Girl Autumn Version) - Recorded at Long Pond Studios,Taylor Swift,1,1,59
0ZNU020wNYvgW84iljPkPP,mirrorball,Taylor Swift,1,1,72
7F5oktn5YOsR9eR5YsFtqb,New Year’s Day,Taylor Swift,1,1,69
0Jlcvv8IykzHaSmj49uNW8,the 1,Taylor Swift,1,1,73
0SUDiaR0qm30fXVGPjPvRp,Visions of Gideon,Sufjan Stevens,1,1,63
2IOFZdYYkFxEHVz1w34PoL,Cherry,Harry Styles,1,1,67
2Eeur20xVqfUoM3Q7EFPFt,the last great american dynasty,Taylor Swift,1,1,67
56hioFjQ0DXrdn04hZcFgG,Mastermind,Taylor Swift,1,1,62
3B3eOgLJSqPEA0RfboIQVM,Skinny Love,Bon Iver,1,1,73
7MbT4I8qGntX4fMdqMQgke,peace,Taylor Swift,1,1,64
670fUmXf4KQekzbEgaXyPA,dorothea,Taylor Swift,1,1,60
3pHkh7d0lzM2AldUtz2x37,The Archer,Taylor Swift,1,1,73
4d1CG5ei1E2vGbvmgf5KKv,This Love (Taylor’s Version),Taylor Swift,1,1,64
1C042FLYy7rP3MfnkOcnha,Cherry Wine - Live,Hozier,1,1,67
73qMN9bXy7MSPwwGfH3wQr,Sad Beautiful Tragic (Taylor's Version),Taylor Swift,1,1,64
1SmiQ65iSAbPto6gPFlBYm,It’s Nice To Have A Friend,Taylor Swift,1,1,63
3XVzvpBS7zRBoFYAyiGsIy,Chinese Satellite (Copycat Killer Version),"Phoebe Bridgers, Rob Moose",1,1,38
3zmwONxswBAzGwExPugSLN,Sweet Nothing,Taylor Swift,1,1,59
7qYjSobU0Jaz32lrIe853P,Rosyln,"Bon Iver, St. Vincent",1,1,54
7wo2UNeQBowm28hfAJsEMz,Birch,"Big Red Machine, Taylor Swift",1,1,49
73W5aXorr5vxrySFcoZqIN,Renegade,"Big Red Machine, Taylor Swift",1,1,65
0y6kdSRCVQhSsHSpWvTUm7,The Last Time (feat. Gary Lightbody of Snow Patrol) (Taylor’s Version),"Taylor Swift, Gary Lightbody",1,1,66
1ILEK6NRfxoseoPnolRcVA,Holocene,Bon Iver,1,1,46
2zMjyH4hqFkTNjlqZWK3YL,Smoke Signals,Phoebe Bridgers,1,1,53
2LXtyj95dK56ENS1QLt4IB,Beach Baby,Bon Iver,1,1,73
30y5OpD8TPAru2wsyZDD4S,That Funny Feeling,Phoebe Bridgers,1,1,63
1a0PcmEJAOEp4ZT3YtSLkM,Through the Dark,One Direction,1,1,63
12M5uqx0ZuwkpLp5rJim1a,Cornelia Street,Taylor Swift,1,1,71
7gVWKBcfIW93YxNBi3ApIE,"You're On Your Own, Kid",Taylor Swift,1,1,61
5GbVzc6Ex5LYlLJqzRQhuy,Mystery of Love,Sufjan Stevens,1,1,68
7qcXUzPwoxSBFxjTbNrV0B,The Gold - Phoebe Bridgers Version,"Manchester Orchestra, Phoebe Bridgers",1,1,71
7rIhp6EWLNtM8qFIQruJPT,Wash.,Bon Iver,1,1,69
5LJ4ig9cMvjui3li1mrNRl,Punisher,Phoebe Bridgers,1,1,60
4nVBt6MZDDP6tRVdQTgxJg,Story of My Life,One Direction,1,1,85
01K4zKU104LyJ8gMb7227B,Nothing New (feat. Phoebe Bridgers) (Taylor’s Version) (From The Vault),"Taylor Swift, Phoebe Bridgers",1,1,70
7bPWdJgx8vek7S5i5yAtvG,Chemtrails Over The Country Club,Lana Del Rey,1,1,79
3Z2anmIVG8b1GelyeFQdnP,Maine,Noah Kahan,1,1,74
43q586vP8gGkYypKoSddhl,Labyrinth,Taylor Swift,1,1,57
04mAOoQNsXmDJlyupJwmkO,Waiting Room,Phoebe Bridgers,1,1,75
6uvh0In7u1Xn4HgxOfAn8O,Matilda,Harry Styles,1,1,76
7CIKMtUUz31yX6MNX2nGbB,Towers,Bon Iver,1,1,60
1WCjhRs2WBgyeGaybCX2Po,Graceland Too,Phoebe Bridgers,1,1,64
08fa9LFcFBTcilB3iq2e2A,epiphany,Taylor Swift,1,1,62
0FUGzUqkqRktGBvIeM3p2X,Revolution 0,"boygenius, Julien Baker, Phoebe Bridgers, Lucy Dacus",1,1,51
2QDyYdZyhlP2fp79KZX8Bi,mad woman,Taylor Swift,1,1,64
4GBkffrtA51p17JH35irGA,‘tis the damn season,Taylor Swift,1,1,56
4uuEGH5SVuzkkSFjo2DEiY,Don’t You (Taylor’s Version) (From The Vault),Taylor Swift,1,1,61
2GDxR0ZGYqDQUElSQxBiNS,Halloween,Phoebe Bridgers,1,1,56
59KOoHFcw5XfICnO57holu,Last Kiss (Taylor's Version),Taylor Swift,1,1,67
3O7p9Itz8PXUoAjD2vmuM6,Beautiful People Beautiful Problems (feat. Stevie Nicks),"Lana Del Rey, Stevie Nicks",1,1,58
5YTJXAM6j8jEQ5vC8Q67GL,Georgia,Phoebe Bridgers,1,1,59
5O2P9iiztwhomNh8xkR9lJ,Night Changes,One Direction,1,1,88
0GTuyzPTs2G0wqFD1trSOw,Phone,"MEDUZA, Sam Tompkins, Em Beihold",1,1,57
7wNKtCzafd3om6QKiub1Js,Moment,BUNT.,1,1,50
7LhWNeUUlbdkzmeRY7WoCj,You again,AVAION,1,1,41
2N1teUVGfP3vWKKGq0ZxvH,All I Need,NOTSOBAD,1,1,58
0kqykDxfqfsJRUKsSz3VEC,In The Sky,Jacob Vallen,1,1,39
0YQ0N57Whq3vgF7bqUNDHs,My Bad,"The Chainsmokers, Shenseea",1,1,47
3C86zCJytQ8rhWFrVOUHSq,Magic,"TMPST, Phil Odd, Jordan Grace",1,1,47
13IUmVgfs1faUMO8OqV4zW,Hold On We're Going Home,Dtrch,1,1,17
6m0KmK7nofb7FbLANyoMj8,All in All (New Spirit Mix),OCILIO,1,1,10
62Y7aTOJiDxdOzDTwym6TL,Back Around,"Tiësto, AR/CO",1,1,41
287x3GNRnwnyn6mjkmDHUU,Where Do I Go,"Nicky Romero, Vikkstar, Alpharock, Oaks",1,1,57
0nfIcjXvUkn86EZ4UNlLZH,It's You & I,Doncare,1,1,21
7Ak0EaQ85Cq29y237Uck6W,Way To You,Nico Falla,1,1,22
6jghPafxcUElC16mOirqq0,Rewind,Goodboys,1,1,27
6YVYV7JAp7uju4FIfmTWQw,Hold You,"Loudjack, Runai",1,1,43
2gOwTelUpfrL9wWBWwpBmm,SO INTO YOU,DJ Katch,1,1,28
5LOzlX4KUBi5VZ80iWcAN3,Highs & Lows,Kinchy,1,1,15
7Lqb5crtS7JaNynQ0mszWh,U&ME,"Dezko, CERES",1,1,51
67AWYxgihcItSv75SBJxRy,How Long,"DeejaVu, Medusa",1,1,40
7LKv3rZaSG2YJ1sopzDcJp,Want,Areo,1,1,35
1DUmkIzKce9J8EjlChVm3e,Awareness,Jan,1,1,39
24h0u3MKgB30agtWdMYaUZ,Wicked Love,"THODE, Louis Little",1,1,29
74KXiI2D1FZvfvIGu9674b,Love You Tonight - Radio Edit,"BEAUMARCHAIS, Ibara, Praise Umali",1,1,33
0SxezbjTyUy36kpG3ksqOx,Closer,"s m s n, Sansa",1,1,15
3NkDpwNHtZ5shaI5sdF0gI,Running,MKLA,1,1,47
72WDbMOQHPdqThzRDRrhOS,Taste My Skin,THODE,2,1,28
0KbPVrD5K0xg49FVS6yyt5,My Story - RGAZZI VIP Mix,TRIP RGAZZI,1,1,21
1ADFFBf4Bwq0xZduQ7SRc3,only you,"Pablo Leo, nunsi",1,1,37
1XChGTyQMp03QmuZuEEjyy,Weightless,"Lumero, Alias One, Soundgirl",1,1,26
3717ZQ4PcLyDoTcyd0eDTP,Made Me Strong,Shoumeck,1,1,31
07f6fdQ4uRTk8hS3jUtVvW,I Don't Need Your Love,"Stan Kayh, Krees Waves",1,1,27
40DZ4gsHR7Z4gEZQkv8Pr9,Higher Power,TMPST,1,1,20
7IEnrE16kgCG3ztMMcTQtq,BLUE,Nico Falla,1,1,26
1Ap5F6f7N8rLvR7EC9Bwzm,Free So Free,OCILIO,1,1,26
2p9vOKYFBK6iHSTMpSAGBp,Chase The Sun,DE SOFFER,2,1,42
0qzRIQqFitzv0FZJupaeFV,Back to Life,"nineveh., Kevin Kairouz",1,1,37
3jcFyso8S0QnMKGdEd0adX,Dark Lights,Luis Maro,1,1,17
40bf9nZHY83xp3jd4JlrOc,Can't Let Go,TMPST,1,1,19
7gWpdnhHM4AvKjOJVeerBF,Carry On,"Zepplar, Ben Phillips",1,1,20
1JiD5fPfYtNabPvvJJBzjI,Silence,Alande,1,1,37
3YL13hNz8ssxUsPHG7GgUP,If I Have To,"Ajna (BE), Mosoo, Samm (BE), Morane",1,1,39
3ycbi2hHsU9qTFSwK6eyCS,Dirty Drone,Antonio Villacian,1,1,17
3C9MMyzQJ5BBGZ5b38wmF5,Runaway,what's electric,1,1,15
48bHpghQXdNtObS2xrZ4A3,Never Let Me Go,Nik Alevizos,1,1,10
5aWvvPT2n1uPNQ5mWy6MxI,Higher Ground,"DASIC, MiSolEy",1,1,12
0OTyXvJBGCzBbuvI0vZItu,Phone,"Stanhead, Elisa",1,1,30
20rEbazdnpziaikbxaHSsT,Horizon,Zulhou,1,1,23
2Dn93aYmRofF3ps0bv56Fx,Energy,"Sasson (FR), Drea",1,1,34
63MQ2xbknPiLzGHLMEFt3Z,sleeping satellite,"Matrē, Seeb",1,1,26
1coTbGQMApM27niuhlqyr7,Quicksand,"BLVCK CROWZ, EMYLY",1,1,33
5w6NzsoExb9pPhoEN9aWRc,Further Away,"Goodboys, Benny Benassi",1,1,33
6kHNwwZvxI6ZJp05FFLFBP,Mon Chéri,"FORTELLA, anaïs",1,1,33
6gDqFw3LrZTwHEHL4N0y29,What You Like,"DeejaVu, Raphael DeLove",1,1,41
66SBGJljItLlEt7p8FFQH8,upside down,it's ung,1,1,13
4pD6Ck8J4gRGr4sBgfgApz,Little Talks,"Kid On The Block, Luna Belle",1,1,44
1JjzqXdfKhewu1Co22K1aZ,Right Now,SK Austen,1,1,17
37pXDRVwUbYnzLJWzmvA3S,September Sky,"Whitepumpkin, Moo Malika",1,1,20
2KYp9IpK1HURPiKflNwz2i,Care 4 U,BKAYE,1,1,47
7ar5VLrVTyXPmJpyfzzAa6,Yesterday,Tiësto,1,1,41
3jr1TAfJgqnxcTqPfMKkFR,Driftin',"C/Z, Aurelios, Crunkz",1,1,19
12hypREWe3wQFb6xgAbwtT,Time To Go,Max Styler,1,1,50
75YcS2AAxSDjKbfye1hhnw,Believe,NOTSOBAD,1,1,43
6Hhoz2lLQh9IqiYQOEeTyQ,Late Nights,"ItsArius, Lynnic, Kezano",1,1,60
0i6Afe1fh6OxpGgDOjP7Cz,You Want My Love,"Iaco, TEN TIMES, Bjerke",1,1,48
5gjy6P4qj2e6aHjpuyxQx1,Without You,"Dori, G.B",1,1,19
2NUJD5wOSJqcrZQ5HO7Dag,Clocks,"RAZZ, blackbird",1,1,37
2i3EjECKn9JJsyJV1J8ae6,In The Air Tonight,"Giorgio Gee, NALYRO",1,1,18
78pCG1pmoI8zmrd9S9f3bH,Where Did We Go Wrong,"Lucas Estrada, Crunkz",1,1,32
57UxqRwusKmodQMMuuIjDR,The Way I Want It,"Mosaic Club, SUKI",1,1,15
1irqvu5k6xI0Y4lQ569H10,Poisoned,"ROWKA, AZVRE, Nick Giardino",1,1,13
37107dPB28NderX4Tpbirg,Side By Side (with MKLA),"Syn Cole, MKLA",1,1,36
6ffAjqj8GGhvCx9flPcARn,Take Me Home,"VAVO, Clara Mae",1,1,32
1XMftEFVoMKCJXqlYfy5t6,Tough Love,"Sonny Wern, Lyente",1,1,34
0wBXAuHALgo0pSyfuVetbn,Lost My Mind (Wake Up),"BUNT., Elley Duhé",1,1,42
3dIGoaCRQ7eRvnDLWe8nT3,Golden,Don Diablo,1,1,33
68Pr1RFCmybF7eK7m99a1n,Broken,AVAION,1,1,48
73qBolcC2FbRal0utHBhEc,Don't wake me up,"Why So Sad, AVAION",1,1,23
3MZDZFBrGJKsHc0R9K6bfn,I Don't Mind (feat. Selva),"VINAI, Dubdogz, Malou, Selva",1,1,29
7lnoKCjdDeOi4N8233zlO6,Panchirey,"Keerthi Sagathia, Sadhana Sargam",1,1,41
7eqxqeUdtfk4rkLx4IWypB,"Oo Aadapilla (From ""Ashoka Vanamlo Arjuna Kalyanam"")","Jay Krish, Ram Miriyala, Ananta Sriram",1,1,32
1TAqYSA685shQKWWP5ewrx,Muddulaata,Udit Narayan,1,1,37
4I4LQkTBE26JJpGsjsIHtX,Ee Babu Gariki...,Suraj Santosh,1,1,33
7IoZooXmlXSEVsttiDrGmr,"Jaragandi (From ""Game Changer"") (Telugu)","Thaman S, Daler Mehndi, Sunidhi Chauhan",1,1,59
03O2vlADdl7X3iAi1nLkqL,Edo Jarugutondi,"Aravind Srinivas, Renuka",1,1,47
07n6ZCTDZzYJ3oRsx822tz,Thalachi Thalachi,Haricharan,1,1,40
3bPDmXZO6aMcH3h8bkTAdN,"Ammaadi (From ""Hi Nanna"")","Shakthisree Gopalan, Kala Bhairava, Hesham Abdul Wahab",1,1,51
5lzsGiF7xLkdkN8B1sk1bn,Enduku Chentaki,Unnikrishnan,1,1,31
6z15tFRtCyiSorSGaKLJeu,Vellipomaake,"Sid Sriram, ADK",1,1,56
5dG3KI5rIUwiUQNNr3Y1to,Nuvvunte Naa Jathagaa,"A.R. Rahman, Sid Sriram, Issrath Quadhri",1,1,59
5eQYzdcEDOhvJ4ClsUQB3C,Pachchadanamey,"Hariharan, Clinton Cerejo",1,1,54
4XAxyhetZbfyNj7KMzCX5C,Chakkori,"Sathyaprakash, Shashaa Tirupati",1,1,47
0IcGufxEUZpOcsXfcVYLQ6,Ammammo Ammo,"Kalyani Malik, Nithya Meenan",1,1,34
0Yx6JNhm7AEnhfRQ0Hzo7u,Vinave Vinave,"G. V. Prakash Kumar, Shakthisree Gopalan",1,1,46
1JofMY6c8aafUc9DPPI79Y,"Entha Chithram (From ""Ante Sundaraniki"")","Anurag Kulkarni, Keerthana Vaidyanathan, Vivek Sagar",1,1,18
7GfyeCjPx05EUlAfMksojh,Kola Kalle Ilaa,Sid Sriram,1,1,45
7eFFgsETjYqTKKMCk3Z6VW,Kannula Baasalu,Karthik,1,1,53
7L2D6W7e8mn0zf8cH78Ch4,Sirivennela,"Anurag Kulkarni, Mickey J. Meyer",1,1,60
5pOY1Vg2TIIbVBfR6yAg0C,Gaali Vaaluga,Anirudh Ravichander,1,1,63
0PWrTbpCXl7tEsaKOkuYVL,Yedisthe Rarevaru,Arijit Singh,1,1,40
1e3pqyiPgPzqnDm8m91x5F,Bapu Gari Bommo,Shankar Mahadevan,1,1,52
2C5KGxHkq4ePV51ES40dxO,Rakaasi Rakaasi,Jr. NTR,1,1,50
0I9RbCJItXY1jxGIAsQT0t,Jalsa Jalsa,"Baba Sehgal, Rita Thyagarajan",1,1,57
2k88Nvcqtx8W50uZjR33YE,Banthi Poola Janaki,"Daler Mehndi, Ranina Reddy",1,1,40
2m49DOqdk0n4ofCEovrydG,Ye Mantramo,Bobo Shashi,1,1,48
693359DlfpvoEfIYleKs05,Endhuko Pichi Pichi,Karunya,1,1,62
2YUKv8mlj6iLWJPluKnazS,Bangaru Kalla,Udit Narayan,1,1,53
6NCMhWthZdWGbG3ce0Muek,Oka Maaru,Karthik,1,1,54
2atS1WwSGF1cCkWXW1Di6P,Diyalo Diyala,"Priya Hemesh, Muralidhar",1,1,48
5oyZumEp7fAIVnQhCKE6YZ,Door Number Okati,Geetha Madhuri,1,1,53
4K4gYMKbZFMKh4ePHzXTQu,Vayari Bhama,Ramana Gogula,1,1,50
6InORfDvGGMxwR6iUUvS32,Ittage Recchipodham,"Geetha Madhuri, Dhanunjay Seepana, Anudeep Dev, Arun Kaundinya",1,1,48
7HZNRn38kXbBY0lGsanYsE,"Kallolam (From ""Padi Padi Leche Manasu"")",Anurag Kulkarni,1,1,43
1wVHlN2inEmT6f38MunqFi,"Jarra Jarra (From ""Valmiki"")","Mickey J. Meyer, Anurag Kulkarni, Uma Neha",1,1,52
3T4kxDxInvldCpvhpqYDI9,Atu Itu Ooguthu,"Mickey J. Meyer, Sreerama Chandra",1,1,48
5aUe6oUFfxRsG98IUpoo5o,Konchem Konchem,"M. M. Keeravaani, Vijay Prakash, Deepu, L. V. Revanth",1,1,51
62UqZv8jJwfXpKENrnk8OJ,Arere Vaanaa,"Yuvan Shankar Raja, Rahul Nambiar, Saindhavi",1,1,49
6nkxR6fDePyPHuGVIzxGFa,Lover Also Fighter Also,Shekhar Ravjiani,1,1,45
74IQCxI4nws964fic1Q4pv,Saranga Dariya,Mangli,1,1,57
7KkaBto4aewGt8wl6q6wxH,Vachinde,"Madhu Priya, Ramky",1,1,51
6WCH22y0yjBbL1Vyuf0E9g,Yevandoi Nani Garu,"Divya Kumar, Sravana Bhargavi",1,1,49
4zKTWk3pdGmV5LLYzF17Xq,Mila Mila,"Mickey J. Meyer, Karthik",1,1,43
30CBQmKZ0fugbhs7ExGT1e,"Gumma (From ""Ambajipeta Marriage Band"")",Shekar Chandra,1,1,64
01qaeG4h7OJLLDw43QxIg6,Lady Luck,"Radhan, Karthik, Saraswati Putra Ramajogayya Sastry",1,1,22
40lTZrTUyl0EaH8aoVBTVl,Mutyala Dhaarani,"Harris Jayaraj, Karthik, Megha",1,1,52
33Tv5J6N5jSnW7wTYiEvul,Oh Raaya,"A.R. Rahman, Ganavya, Dhanush",1,1,52
4ooaLueG56Bsq44TUNRgAn,"Poolamme Pilla (From ""HanuMan"") [Telugu]","GowraHari, Kasarla Shyam",1,1,65
6UhmvgtRBBhjdReJbilMem,Nyabagam,"Amrit Ramnath, Sindoora Jishnu",1,1,56
1l4CYsCwvTRRAW2cmsVZ36,Water Packet,"Santhosh Narayanan, Shweta Mohan, Gana Kadhar",1,1,56
1JKjaWrHqLRu47B9o5qpay,Adangaatha Asuran,"A.R. Rahman, Dhanush",1,1,64
0MTdYgTZ25sLCO6kVnDoje,"Aasa Kooda - From ""Think Indie""","Sai Abhyankkar, Sai Smriti",1,1,74
6Xj9ehQuG38fS0dXfwaGoT,Vaaya Veera,"Shakthisree Gopalan, Leon James",1,1,61
04M33gLZl2uZRawzhPiBdT,Ammayi Kitiki Pakkana,"Karunya, Chaitra",1,1,33
4nbHh7JqUTUMsDgbCmmafX,Nalla Nallaani Kalla,"M. M. Keeravaani, K. S. Chithra",1,1,44
4XVepi1jafZ5Dk4eRsifTB,Pantham Pantham,"M. M. Keeravaani, Devi Sri Prasad, Tippu, Chandra Bose, Kalyani Malik, Smitha",1,1,26
667y08kCQ18lpjvdLK5wQi,Kalakkatha,"Jakes Bejoy, ANJU BRAMASMI",1,1,47
1ifMH14KizpUxIdRVyPsSZ,Niluvaddham,"Karthik, Sumangaly",1,1,64
5Y0fbLc9DWYYwcKF5DQPiw,Ippatikinka,"Muralidar, Suchitra",1,1,56
2SIQgKcQP0ztLtV6APZ9y8,Sehari Sehari,"Thoshi, Priya Hemesh",1,1,53
3WkFzi4WS4PeJhHMn2Zbnl,Bommanu Geesthey,"Jeans Srinivas, Gopika Poornima",1,1,61
0RZS71uyDP1ImrhpxYzpmN,Shape of You - Abheri - Shudha Dhanyasi - Adi Tala - Carnatic Mix,"Aditya Rao, IndianRaga, Mahesh Raghvan, Vinod Krishnan",1,1,41
5T5lGWs43kgYORLPeW8n3M,Anaganaganaga,Armaan Malik,1,1,47
677u765cOcec5Z6peF4lT2,Luckkanna Mate Nillu,L. V. Revanth,1,1,51
0zfvM9QMhsfhZAYTSMvlHh,Poovai Poovai,"Ramya NSK, Naveen Madhav",1,1,53
3WqTLAB7u84IHk91AQZXHa,New York Nagarama,A.R. Rahman,1,1,51
6w0C4Zk1SqRsZR3kCOiduW,Arere Aakasham - Telugu,"Anurag Kulkarni, Kala Bhairava",1,1,44
7HhiFHVmeM50rHXw7FlgNH,Jala Jala Jalapaatham Nuvvu,"Devi Sri Prasad, Jaspreet Jasz, Shreya Ghoshal",1,1,47
4OWfFI6y5YO2Ivp5yihu68,Cinema Choopistha Mama,"Simha Yadgiri, Malavika, Mansi, M.M.Monissha",1,1,50
46ofwvDbks8GpQoLxGVD0o,"Kissik (From ""Pushpa 2 The Rule"") [TELUGU]","Sublahshini, Devi Sri Prasad, Chandra Bose",1,1,70
7a7badaPkBz9NWMWnPTwN5,Nunugu Misalodu,"M. M. Keeravaani, Sunitha",1,1,56
6YL5zD4SggAZAQcdPv5r0C,Habits (Stay High),Tove Lo,1,1,38
0GO8y8jQk1PkHzS31d699N,Tongue Tied,GROUPLOVE,1,1,76
2aPTvyE09vUCRwVvj0I8WK,Sundress,A$AP Rocky,1,1,81
1gihuPhrLraKYrJMAEONyc,Feel So Close - Radio Edit,Calvin Harris,1,1,81
5H4mXWKcicuLKDn4Jy0sK7,Time Flies,Drake,1,1,72
27a1mYSG5tYg7dmEjWBcmL,CAN'T SAY,Travis Scott,1,1,78
7fBv7CLKzipRk6EC6TWHOB,The Hills,The Weeknd,1,1,83
0RiRZpuVRbi7oqRdSMwhQY,Sunflower - Spider-Man: Into the Spider-Verse,"Post Malone, Swae Lee",1,1,81
2u7mxWSeoqTXndK5e08jMp,Nowadays (feat. Landon Cube),"Lil Skies, Landon Cube",1,1,61
6rz0dTA0PdhXImFV5EjM0w,Hide (feat. Seezyn),"Juice WRLD, Seezyn",1,1,72
2eAZfqOm4EnOF9VvN50Tyc,The Way Life Goes (feat. Oh Wonder),"Lil Uzi Vert, Oh Wonder",1,1,78
1wHZx0LgzFHyeIZkUydNXq,Antidote,Travis Scott,1,1,72
3FtYbEfBqAlGO46NUDQSAt,Electric Feel,MGMT,1,1,78
4jTiyLlOJVJj3mCr7yfPQD,This Could Be Us,Rae Sremmurd,1,1,74
527k23H0A4Q0UJN3vGs0Da,After Party,Don Toliver,1,1,72
7oK9VyNzrYvRFo7nQEYkWN,Mr. Brightside,The Killers,1,1,25
1hGy2eLcmC8eKx7qr1tOqx,Beautiful Girls,Sean Kingston,1,1,77
4dTaAiV9xFFCxnPur9c9yL,Memories (feat. Kid Cudi),"David Guetta, Kid Cudi",1,1,65
0I3q5fE6wg7LIfHGngUTnV,Ms. Jackson,Outkast,1,1,80
0Li1OuXXfi7950ilZUFGkF,Cardigan,Don Toliver,1,1,75
1a7WZZZH7LzyvorhpOJFTe,Wasted (feat. Lil Uzi Vert),"Juice WRLD, Lil Uzi Vert",1,1,77
5bJ1DrEM4hNCafcDd1oxHx,Self Care,Mac Miller,1,1,73
5HQVUIKwCEXpe7JIHyY734,"Young, Wild & Free (feat. Bruno Mars)","Snoop Dogg, Wiz Khalifa, Bruno Mars",1,1,74
4IO2X2YoXoUMv0M2rwomLC,Long Time - Intro,Playboi Carti,1,1,73
0YAQnYt2oB8OdoaeqnHyTI,Tribe (with J. Cole),"Bas, J. Cole",1,1,60
0aMHIW1lqrulVCx0LLlr6a,Cocoa Butter Kisses,"Chance the Rapper, VIC MENSA, Twista",1,1,63
0uxSUdBrJy9Un0EYoBowng,20 Min,Lil Uzi Vert,1,1,81
5uEYRdEIh9Bo4fpjDd4Na9,Goosebumps - Remix,"Travis Scott, HVME",1,1,72
0Ns3nvzgfC6Yh3j5apV66n,Soundtrack 2 My Life,Kid Cudi,1,1,54
393MDhe62s8hbH8ETrlxe5,Mr. Rager,Kid Cudi,1,1,73
3f1ChZHm6v4KdUaEW5y5qd,Me and You,"Cold Hart, Lil Peep",1,1,60
0oufSLnKQDoBFX5mgkDCgR,Trust,Brent Faiyaz,1,1,75
0JJP0IS4w0fJx01EcrfkDe,"Dear Maria, Count Me In",All Time Low,1,1,75
1AdYZ6X00nXmO613Y7GJOl,I Miss You,blink-182,1,1,66
1f3yAtsJtY87CTmM8RLnxf,Smells Like Teen Spirit,Nirvana,1,1,25
1VGzxJnVQND7Cg5H5wGj14,YEAH RIGHT,Joji,1,1,14
62aP9fBQKYKxi7PDXwcUAS,ily (i love you baby) (feat. Emilee),"Surf Mesa, Emilee",1,1,72
2N3U8uTYhjX2KwGT0pf5x0,"Everyday (feat. Rod Stewart, Miguel & Mark Ronson)","A$AP Rocky, Rod Stewart, Miguel, Mark Ronson",1,1,77
3AJwUDP919kvQ9QcozQPxg,Yellow,Coldplay,1,1,88
7lAK3oHbfEnvUQWosrMMpR,YOSEMITE,Travis Scott,1,1,71
0b6wdul3A5sQNpIOv03OxP,Ocean Drive,Duke Dumont,1,1,65
6XNANAB7sFvkfho6bMCp7o,Summertime In Paris,"Jaden, WILLOW",1,1,59
1OOtq8tRnDM8kG2gqUPjAj,Beat It,Michael Jackson,1,1,73
0MKGH8UMfCnq5w7nG06oM5,Come As You Are,Nirvana,1,1,21
6ORqU0bHbVCRjXm9AjyHyZ,Good Riddance (Time of Your Life),Green Day,1,1,78
3d9DChrdc6BOeFsbrZ3Is0,Under the Bridge,Red Hot Chili Peppers,1,1,81
0ntQJM78wzOLVeCUAW7Y45,Sex on Fire,Kings of Leon,1,1,82
5VGlqQANWDKJFl0MBG3sg2,Use Somebody,Kings of Leon,1,1,75
0KAiuUOrLTIkzkpfpn9jb9,Drive By,Train,1,1,79
1QEEqeFIZktqIpPI4jSVSF,More Than a Feeling,Boston,1,1,76
3GCdLUSnKSMJhs4Tj6CV3s,All The Stars (with SZA),"Kendrick Lamar, SZA",1,1,85
6dFn6my1sHK2bcf23GlHwM,2009,Mac Miller,1,1,64
4RVbK6cV0VqWdpCDcx3hiT,Reborn,KIDS SEE GHOSTS,1,1,63
6PGoSes0D9eUDeeAafB2As,LOVE. FEAT. ZACARI.,"Kendrick Lamar, Zacari",1,1,80
1hz7SRTGUNAtIQ46qiNv2p,"GONE, GONE / THANK YOU","Tyler, The Creator",1,1,76
6Nle9hKrkL1wQpwNfEkxjh,Chanel,Frank Ocean,1,1,78
5wujBwqG7INdStqGd4tRMX,Armed And Dangerous,Juice WRLD,1,1,78
4RCWB3V8V0dignt99LZ8vH,Hey There Delilah,Plain White T's,1,1,76
2bjwRfXMk4uRgOD9IBYl9h,Portland,"Drake, Quavo, Travis Scott",1,1,67
3wwo0bJvDSorOpNfzEkfXx,Let Me Know (I Wonder Why Freestyle),Juice WRLD,1,1,79
5qGIfWDRdyO67LCTqA2sEn,Heads Will Roll - A-Trak Remix Radio Edit,"Yeah Yeah Yeahs, A-Trak",1,1,66
7MYX0Vu0uMjVLCiy804sdX,Summertime Sadness (Lana Del Rey Vs. Cedric Gervais) - Cedric Gervais Remix,"Lana Del Rey, Cedric Gervais",1,1,53
1fewSx2d5KIZ04wsooEBOz,Space Cadet (feat. Gunna),"Metro Boomin, Gunna",1,1,77
2cX2coZS1PYBfPs8wgbdWE,More Than A Woman,Bee Gees,1,1,65
0a2Yk4ORO4MsGaJ4DI03qx,Whipski (feat. Lil Skies & Internet Money),"$NOT, Lil Skies, Internet Money",1,1,50
6ebkx7Q5tTxrCxKq4GYj0Y,Club Can't Handle Me (feat. David Guetta),"Flo Rida, David Guetta",1,1,75
6JjEVlMkfHWMeYavkEYzNO,Gassed Up,Nebu Kiniza,1,1,63
2PpruBYCo4H7WOBJ7Q2EwM,Hey Ya!,Outkast,1,1,80
51EC3I1nQXpec4gDk0mQyP,90210 (feat. Kacy Hill),"Travis Scott, Kacy Hill",1,1,78
2BJSMvOGABRxokHKB0OI8i,Shoota (feat. Lil Uzi Vert),"Playboi Carti, Lil Uzi Vert",1,1,74
2X485T9Z5Ly0xyaghN73ed,Let It Happen,Tame Impala,1,1,77
7EkWXAI1wn8Ii883ecd9xr,Freaks,Surf Curse,1,1,84
7MiZjKawmXTsTNePyTfPyL,Devil Eyes,Hippie Sabotage,1,1,74
7w87IxuO7BDcJ3YUqCyMTT,Pumped Up Kicks,Foster The People,1,1,83
3B54sVLJ402zGa6Xm4YGNe,Unforgettable,"French Montana, Swae Lee",1,1,83
6gpcs5eMhJwax4mIfKDYQk,Slide (feat. Frank Ocean & Migos),"Calvin Harris, Frank Ocean, Migos",1,1,66
1DWZUa5Mzf2BwzpHtgbHPY,Good News,Mac Miller,1,1,68
3Zau3JcrZcBfw8aVjKGkSX,Amphetamine,Smino,1,1,56
4S4Mfvv03M1cHgIOJcbUCL,In My Room,Frank Ocean,1,1,73
2tznHmp70DxMyr2XhWLOW0,Cigarette Daydreams,Cage The Elephant,1,1,78
6zeeWid2sgw4lap2jV61PZ,Better,Khalid,1,1,66
1vckdkjWhsLjv1MLKiWQ7p,Lolita Go Home,Jane Birkin,1,1,22
1Yh4lOCbcskjSfYPDnn7EW,Religion,Lana Del Rey,1,1,60
6XJGpirOP4Bgurcvkdanxb,American Beauty,Thomas Newman,1,1,59
2QcYeYUxi0Pq8TQfLkyV0i,Crying In the Chapel,Elvis Presley,1,1,22
3fLJ2zOGZD2wyYATCZnOJU,If You Go Away,Dusty Springfield,1,1,43
4l9hml2UCnxoNI3yCdL1BW,My Funny Valentine,Chet Baker,1,1,63
6JF5OEqj3bIEdoBTkHVACm,Young And Beautiful,Lana Del Rey,1,1,54
30ZrzK67a7FoDiBfDSlU1x,Nights on Broadway,Candi Staton,1,1,42
24mEsJJhJeManXMz28UkNR,If I Can't Have You,Bee Gees,1,1,55
5SzoFexynLVceTLggJTZZM,Blue Velvet,Lana Del Rey,1,1,52
3Hi4KlRtdgJbyIUpeFBckY,Lilac Wine,Nina Simone,1,1,47
0V5cvmTKsYmF5FmGGEAfmS,Je te laisserai des mots,Patrick Watson,1,1,24
6H1Kjxu2NlJCMxg0Pay0Rd,Total Control,The Motels,1,1,44
7dQKp25fu61q8xqxPBm17O,Shiny Stockings,"Ella Fitzgerald, Count Basie",1,1,23
5DTOOkooKFUvWj1XQTFa09,The End of the World,Skeeter Davis,1,1,64
1KuVEZR4xuQVNr1KkanAV4,The Other Woman,Lana Del Rey,1,1,72
48mONU4lF8eP3mt4ndMdsd,As Tears Go By,Nancy Sinatra,1,1,35
4smkJW6uzoHxGReZqqwHS5,I'll Be Seeing You,Billie Holiday,1,1,66
4PINSJIlBWsnVeveicq1S8,I'll Be Your Mirror,"The Velvet Underground, Nico",1,1,59
7gkboYtvhuXNS4EUwmFPcw,Feel Like Makin' Love,Roberta Flack,1,1,60
0iYtGebtnGzemwehimWusQ,Rock Your Baby,George McCrae,1,1,41
4krhCfJg0znykZoyjeMXRe,Chelsea Hotel #2,Leonard Cohen,1,1,54
27hhIs2fp6w06N5zx4Eaa5,Dream A Little Dream Of Me,The Mamas & The Papas,1,1,73
5PAv00YeaG08pWgLmHVi4p,You and I,Delegation,1,1,23
2GtbaovnGwV3oCDzmr9gey,Burning Desire,Lana Del Rey,1,1,44
2lvFDafGVCADo1B52u1G8T,Angel Eyes - Remastered,Frank Sinatra,1,1,15
3z5NBZcw0FwyoQEpQDtzVF,Structure And Discipline,Thomas Newman,1,1,26
2sFNBmXtMnrDeG4g3DwTMi,The Windmills Of Your Mind,The Ray Conniff Singers,1,1,28
1quput6F30wXk7Ym6XMPvS,Mexican Dream,Piero Piccioni,1,1,60
3PG7BAJG9WkmNOJOlc4uAo,Femme Fatale,"The Velvet Underground, Nico",1,1,63
1BZMMt9H0TheQGWQy44KmO,Only The Lonely - Remastered 1999,The Motels,1,1,50
366QpkppDb9f5TVamPSpgH,Highschool Lover,Air,1,1,56
052z2UsE2wPrHsBJ9tly0g,Playground Love,"Air, Gordon Tracks",1,1,65
6g5qyQrAcoBX4X7XjxBoTO,Comment te dire adieu - Remasterisé en 2016,Françoise Hardy,1,1,63
1rHagM3ZYdJb0KgY3pLrIc,Time,Nancy Sinatra,1,1,20
7o9uu2GDtVDr9nsR7ZRN73,Time After Time,Cyndi Lauper,1,1,78
7CKz0xDkXuPdW3xEQ4NUS9,"One More Kiss, Dear",Vangelis,1,1,45
1StXVL5gClph4z4XzanYko,Lilac Wine,Jeff Buckley,1,1,59
4feXcsElKIVsGwkbnTHAfV,Somethin' Stupid,"Frank Sinatra, Nancy Sinatra",1,1,77
6B9SSmR5pQ8goIU8lCf7Lz,River of No Return,Marilyn Monroe,1,1,35
2y8Az6zkzWtLKjx4XzaxaJ,I Wanna Be Loved by You,Marilyn Monroe,1,1,48
269gHSDdfCQBLV1ylElDCb,When You're Smiling and Astride Me,Father John Misty,1,1,32
4JLcAU2xY90qTkTSNM1lUa,Bang Bang (My Baby Shot Me Down),Nancy Sinatra,1,1,61
7yzLtDS1hMURTHtXGdvKi0,You've Lost That Lovin' Feelin',"Nancy Sinatra, Lee Hazlewood",1,1,35
6Jv7kjGkhY2fT4yuBF3aTz,"Lover, You Should've Come Over",Jeff Buckley,1,1,74
3uCkIqD0VzQUijbs8WIizs,These Days,Nico,1,1,63
5P0tWr5JZqDoi5wq2OalFH,Je t'aime moi non plus,"Serge Gainsbourg, Jane Birkin",1,1,50
7sx41M0GEQPLMYt3FjCnSw,Harvest Moon,Jane Birkin,1,1,46
2Vp0ue7NNLHFF6RKSdOEuN,Candy Says,The Velvet Underground,1,1,55
55Wm3y6wUy5xS1thd0Zial,Floating,Julee Cruise,1,1,40
14CsqOaDkOkrZ49UJLtuOJ,"So Long, Marianne",Leonard Cohen,1,1,56
5SOfvpsZh4GSTCNysVh6hW,Buddy's Rendezvous,"Lana Del Rey, Father John Misty",1,1,45
6ZrPwpLPlKPhxZtNhmDu0j,"Put the Blame On Mame - Theme from ""Gilda"" Original Soundtrack",Rita Hayworth,1,1,12
6pyex9B1kBoRIuabBAc4m8,Jailhouse Rock,Elvis Presley,1,1,50
0JOw67rq2X6NDz5AJP9uIG,Hound Dog,Elvis Presley,1,1,47
3htVOUt4zoFthJhqtJMGTo,Blue Suede Shoes - Remastered,Elvis Presley,1,1,42
0sjxRg1VlYfx4YG7uxurrq,I Put A Spell On You,Nina Simone,1,1,68
6Rqn2GFlmvmV4w9Ala0I1e,Feeling Good,Nina Simone,1,1,73
1aqJ6bV6m3Y1b5iRsj1Vf0,The Other Woman,Nina Simone,1,1,35
0W78mVK0xVPpOD7oh4medH,Because,Elliott Smith,1,1,36
44pN9jfSqY3d3lrKuv3QeN,In Dreams,Roy Orbison,1,1,56
1QG8k3VDQFGryG9N24ijZ1,What Is a Youth,Joanna Wang,1,1,31
6t9EaQ8pwUdWWLMRpdQXEV,"Summer Kisses, Winter Tears",Elvis Presley,1,1,31
3DrlHWCoFqHQYGwE8MWsuv,Reach Out Of The Darkness,Friend & Lover,1,1,32
2UeoWbpdA13hZ7Cou88NP5,Jane B.,Jane Birkin,1,1,34
3xsOtNxtBW0oTI1OWKAzTm,Walk on By,Dionne Warwick,1,1,63
3MyQn1xBQwPtFJUUP7zB8s,Real Love Baby,Father John Misty,1,1,22
4sjycYDj539aqcvb2jjDnj,At the Hotel,Eunice Collins,1,1,34
1qwQ1P3FwFouG1zTIBkGXU,Anlamazdın,Ayla Dikmen,1,1,66
08unC8N1V1dEcqiyi06g6W,Dead of Night,Orville Peck,1,1,57
